{
  "id": "2929813",
  "name": "custom-icon",
  "font_family": "aurora-font",
  "css_prefix_text": "custom-aurora-",
  "description": "",
  "glyphs": [
    {
      "icon_id": "11372640",
      "name": "编辑",
      "font_class": "bianji",
      "unicode": "e8ac",
      "unicode_decimal": 59564
    },
    {
      "icon_id": "11372642",
      "name": "彩蛋",
      "font_class": "caidan",
      "unicode": "e8ad",
      "unicode_decimal": 59565
    },
    {
      "icon_id": "11372643",
      "name": "安全",
      "font_class": "anquan",
      "unicode": "e8ab",
      "unicode_decimal": 59563
    },
    {
      "icon_id": "11372651",
      "name": "点赞",
      "font_class": "dianzan",
      "unicode": "e8ae",
      "unicode_decimal": 59566
    },
    {
      "icon_id": "11372658",
      "name": "订单",
      "font_class": "dingdan",
      "unicode": "e8af",
      "unicode_decimal": 59567
    },
    {
      "icon_id": "11372661",
      "name": "发现",
      "font_class": "faxian",
      "unicode": "e8b0",
      "unicode_decimal": 59568
    }
  ]
}
